Workbook

Sheet Data
A1: Item number | B1: Bar code | C1: Item Name | D1: Column1
A2: 100010001 | B2: 100010001 | C2: ADA BIGONE طقم لحاف كينغ | 1 قطعة شتوي | D2: 99
A3: 100010001 | B3: 100010001 | C3: ADA BIGONE طقم لحاف كينغ | 1 قطعة شتوي | D3: 99
A4: 100010001 | B4: 100010001 | C4: ADA BIGONE طقم لحاف كينغ | 1 قطعة شتوي | D4: 99
A5: 100010002 | B5: 100010002 | C5: AFA BEN طقم لحاف كينغ | 3 قطع | D5: 129
A6: 100010002 | B6: 100010002 | C6: AFA BEN طقم لحاف كينغ | 3 قطع | D6: 129
A7: 100010002 | B7: 100010002 | C7: AFA BEN طقم لحاف كينغ | 3 قطع | D7: 129
A8: 100010002 | B8: 100010002 | C8: AFA BEN طقم لحاف كينغ | 3 قطع | D8: 129
A9: 100010003 | B9: 100010003 | C9: AID JEFFEREY GREY طقم لحاف كينغ | 3 قطع | D9: 129
A10: 100010003 | B10: 100010003 | C10: AID JEFFEREY GREY طقم لحاف كينغ | 3 قطع | D10: 129
A11: 100010003 | B11: 100010003 | C11: AID JEFFEREY GREY طقم لحاف كينغ | 3 قطع | D11: 129
A12: 100010003 | B12: 100010003 | C12: AID JEFFEREY GREY طقم لحاف كينغ | 3 قطع | D12: 129
A13: 100010004 | B13: 100010004 | C13: ARCH طقم لحاف كينغ | 5 قطع | D13: 299
... A21230: 990000239 | B21230: 990000239 | C21230: حقيبة تسوق | FLOWER GREEN | D21230: 4
A21231: CARTON00001 | B21231: CARTON00001 | C21231: CARTON JEDDAH WAREHOUSE | D21231: 0
A21232: CARTON00002 | B21232: CARTON00002 | C21232: CARTON RIYADH WAREHOUSE | D21232: 0
A21233: KIT-100010027 | B21233: KIT-100010027 | C21233: طقم لحاف كينغ | 8 قطع JULES BLUE | D21233: 299
A21234: KIT-100010027 | B21234: KIT-100010027 | C21234: طقم لحاف كينغ | 8 قطع JULES BLUE | D21234: 299
A21235: KIT-100010027 | B21235: KIT-100010027 | C21235: طقم لحاف كينغ | 8 قطع JULES BLUE | D21235: 299
A21236: KIT-100010034 | B21236: KIT-100010034 | C21236: طقم لحاف كينغ | 9 قطع MEREDITH | D21236: 695
A21237: KIT-100010034 | B21237: KIT-100010034 | C21237: طقم لحاف كينغ | 9 قطع MEREDITH | D21237: 695
A21238: KIT-100010034 | B21238: KIT-100010034 | C21238: طقم لحاف كينغ | 9 قطع MEREDITH | D21238: 695
A21239: KIT-100010051 | B21239: KIT-100010051 | C21239: طقم لحاف كينغ | 8 قطع TARA PLUM | D21239: 99
A21240: KIT-100010051 | B21240: KIT-100010051 | C21240: طقم لحاف كينغ | 8 قطع TARA PLUM | D21240: 99
A21241: KIT-100010051 | B21241: KIT-100010051 | C21241: طقم لحاف كينغ | 8 قطع TARA PLUM | D21241: 99
A21242: KIT-100010051 | B21242: KIT-100010051 | C21242: طقم لحاف كينغ | 8 قطع TARA PLUM | D21242: 99
... A22759: Ser000004 | B22759: Ser000004 | C22759: خدمة الحفر على المنتج | D22759: 9
A22760: 21578 | B22760: 100010001 | C22760: ADA BIGONE طقم لحاف كينغ | 1 قطعة شتوي | D22760: 99
A22761: 4052303 | B22761: 100010001 | C22761: ADA BIGONE طقم لحاف كينغ | 1 قطعة شتوي | D22761: 99
A22762: 2157844 | B22762: 100010001 | C22762: ADA BIGONE طقم لحاف كينغ | 1 قطعة شتوي | D22762: 99
A22763: 21307 | B22763: 100010002 | C22763: AFA BEN طقم لحاف كينغ | 3 قطع | D22763: 129
A22764: 40507 | B22764: 100010002 | C22764: AFA BEN طقم لحاف كينغ | 3 قطع | D22764: 129
A22765: 2130744 | B22765: 100010002 | C22765: AFA BEN طقم لحاف كينغ | 3 قطع | D22765: 129
A22766: 843503120789 | B22766: 100010002 | C22766: AFA BEN طقم لحاف كينغ | 3 قطع | D22766: 129
A22767: 21309 | B22767: 100010003 | C22767: AID JEFFEREY GREY طقم لحاف كينغ | 3 قطع | D22767: 129
A22768: 40509 | B22768: 100010003 | C22768: AID JEFFEREY GREY طقم لحاف كينغ | 3 قطع | D22768: 129
A22769: 2130944 | B22769: 100010003 | C22769: AID JEFFEREY GREY طقم لحاف كينغ | 3 قطع | D22769: 129
A22770: 843503120802 | B22770: 100010003 | C22770: AID JEFFEREY GREY طقم لحاف كينغ | 3 قطع | D22770: 129
A22771: 22127 | B22771: 100010004 | C22771: ARCH طقم لحاف كينغ | 5 قطع | D22771: 299
... A23636: 15504 | B23636: 100010290 | C23636: طقم لحاف كينغ | 3 قطع ALEXA | D23636: 395
A23637: B3315 | B23637: 100010290 | C23637: طقم لحاف كينغ | 3 قطع ALEXA | D23637: 395
A23638: 1550444 | B23638: 100010290 | C23638: طقم لحاف كينغ | 3 قطع ALEXA | D23638: 395
A23639: 15503 | B23639: 100010291 | C23639: طقم لحاف كينغ | 3 قطع ALLISON | D23639: 395
A23640: B3310 | B23640: 100010291 | C23640: طقم لحاف كينغ | 3 قطع ALLISON | D23640: 395
A23641: 1550344 | B23641: 100010291 | C23641: طقم لحاف كينغ | 3 قطع ALLISON | D23641: 395
A23642: 14877 | B23642: 100010292 | C23642: طقم لحاف كينغ | 3 قطع SHINNY LONG FUR BROWN | D23642: 299
A23643: 4242 | B23643: 100010292 | C23643: طقم لحاف كينغ | 3 قطع SHINNY LONG FUR BROWN | D23643: 299
A23644: 1487744 | B23644: 100010292 | C23644: طقم لحاف كينغ | 3 قطع SHINNY LONG FUR BROWN | D23644: 299
A23645: 14878 | B23645: 100010293 | C23645: طقم لحاف كينغ | 3 قطع SHINNY LONG FUR RED | D23645: 99
A23646: 4243 | B23646: 100010293 | C23646: طقم لحاف كينغ | 3 قطع SHINNY LONG FUR RED | D23646: 99
A23647: 1487844 | B23647: 100010293 | C23647: طقم لحاف كينغ | 3 قطع SHINNY LONG FUR RED | D23647: 99
A23648: 14879 | B23648: 100010294 | C23648: طقم لحاف كينغ | 3 قطع BRUSHED LONG FUR IVORY | D23648: 199
A23649: 4244 | B23649: 100010294 | C23649: طقم لحاف كينغ | 3 قطع BRUSHED LONG FUR IVORY | D23649: 199
A23650: 1487944 | B23650: 100010294 | C23650: طقم لحاف كينغ | 3 قطع BRUSHED LONG FUR IVORY | D23650: 199
A23651: 21308 | B23651: 100010295 | C23651: طقم لحاف كينغ | 3 قطع AFA CORA FLORA-PURPLE | D23651: 189
A23652: 40508 | B23652: 100010295 | C23652: طقم لحاف كينغ | 3 قطع AFA CORA FLORA-PURPLE | D23652: 189
... A23674: 15541 | B23674: 100010302 | C23674: طقم لحاف كينغ | 3 قطع ASSORTED | D23674: 225
A23675: B154 | B23675: 100010302 | C23675: طقم لحاف كينغ | 3 قطع ASSORTED | D23675: 225
A23676: 1554144 | B23676: 100010302 | C23676: طقم لحاف كينغ | 3 قطع ASSORTED | D23676: 225
A23677: 13558 | B23677: 100010303 | C23677: طقم لحاف كينغ | 5 قطع AUDERY CHALK | D23677: 199
A23678: 4098 | B23678: 100010303 | C23678: طقم لحاف كينغ | 5 قطع AUDERY CHALK | D23678: 199
A23679: 1355844 | B23679: 100010303 | C23679: طقم لحاف كينغ | 5 قطع AUDERY CHALK | D23679: 199
A23680: 13556 | B23680: 100010304 | C23680: طقم لحاف كينغ | 5 قطع AUDREY BLUE | D23680: 199
A23681: 4096 | B23681: 100010304 | C23681: طقم لحاف كينغ | 5 قطع AUDREY BLUE | D23681: 199
A23682: 1355644 | B23682: 100010304 | C23682: طقم لحاف كينغ | 5 قطع AUDREY BLUE | D23682: 199
A23683: 14172 | B23683: 100010305 | C23683: طقم لحاف كينغ | 8 قطع AUGUST | D23683: 795
A23684: 4156 | B23684: 100010305 | C23684: طقم لحاف كينغ | 8 قطع AUGUST | D23684: 795
A23685: 1417244 | B23685: 100010305 | C23685: طقم لحاف كينغ | 8 قطع AUGUST | D23685: 795
A23686: 19464 | B23686: 100010306 | C23686: طقم لحاف كينغ | 10 قطع AZRA | D23686: 595
A23687: 40328 | B23687: 100010306 | C23687: طقم لحاف كينغ | 10 قطع AZRA | D23687: 595
... A24714: 16038 | B24714: 100010629 | C24714: طقم لحاف كينغ | 13 قطعة MILA | D24714: 1145
A24715: B4010 | B24715: 100010629 | C24715: طقم لحاف كينغ | 13 قطعة MILA | D24715: 1145
A24716: 1603844 | B24716: 100010629 | C24716: طقم لحاف كينغ | 13 قطعة MILA | D24716: 1145
A24717: 23610 | B24717: 100010630 | C24717: طقم لحاف كينغ | 8 قطع ALMKAAR BEIGE BLUE | D24717: 299
A24718: 40630 | B24718: 100010630 | C24718: طقم لحاف كينغ | 8 قطع ALMKAAR BEIGE BLUE | D24718: 299
A24719: 2361044 | B24719: 100010630 | C24719: طقم لحاف كينغ | 8 قطع ALMKAAR BEIGE BLUE | D24719: 299
A24720: 23559 | B24720: 100010631 | C24720: طقم لحاف كينغ | 10 قطع AMBER GREY | D24720: 299
A24721: 488803 | B24721: 100010631 | C24721: طقم لحاف كينغ | 10 قطع AMBER GREY | D24721: 299
A24722: 2355944 | B24722: 100010631 | C24722: طقم لحاف كينغ | 10 قطع AMBER GREY | D24722: 299
A24723: 23555 | B24723: 100010632 | C24723: طقم لحاف كينغ | 10 قطع ANDARA GREY | D24723: 299
A24724: 488802 | B24724: 100010632 | C24724: طقم لحاف كينغ | 10 قطع ANDARA GREY | D24724: 299
A24725: 2355544 | B24725: 100010632 | C24725: طقم لحاف كينغ | 10 قطع ANDARA GREY | D24725: 299
A24726: 23624 | B24726: 100010633 | C24726: طقم لحاف كينغ | 12 قطعة BLUE ICE ROSELINE | D24726: 399
A24727: 48803 | B24727: 100010633 | C24727: طقم لحاف كينغ | 12 قطعة BLUE ICE ROSELINE | D24727: 399
... A25377: 15582 | B25377: 100020015 | C25377: طقم لحاف كوين | 5 قطع STUDIO | D25377: 225
A25378: B798 | B25378: 100020015 | C25378: طقم لحاف كوين | 5 قطع STUDIO | D25378: 225
A25379: 1558244 | B25379: 100020015 | C25379: طقم لحاف كوين | 5 قطع STUDIO | D25379: 225
A25380: 23503 | B25380: 100030001 | C25380: طقم لحاف فل | 8 قطع ASHER PLAI NAVY | D25380: 299
A25381: 200101 | B25381: 100030001 | C25381: طقم لحاف فل | 8 قطع ASHER PLAI NAVY | D25381: 299
A25382: 2350344 | B25382: 100030001 | C25382: طقم لحاف فل | 8 قطع ASHER PLAI NAVY | D25382: 299
A25383: 23504 | B25383: 100030002 | C25383: طقم لحاف فل | 8 قطع BRUSHED HERRI PENCILE NAVY | D25383: 299
A25384: 200102 | B25384: 100030002 | C25384: طقم لحاف فل | 8 قطع BRUSHED HERRI PENCILE NAVY | D25384: 299
A25385: 2350444 | B25385: 100030002 | C25385: طقم لحاف فل | 8 قطع BRUSHED HERRI PENCILE NAVY | D25385: 299
A25386: 23505 | B25386: 100030003 | C25386: طقم لحاف فل | 8 قطع LARGE BOX ARMY GREEN | D25386: 299
A25387: 200103 | B25387: 100030003 | C25387: طقم لحاف فل | 8 قطع LARGE BOX ARMY GREEN | D25387: 299
A25388: 2350544 | B25388: 100030003 | C25388: طقم لحاف فل | 8 قطع LARGE BOX ARMY GREEN | D25388: 299
A25389: 23506 | B25389: 100030004 | C25389: طقم لحاف فل | 8 قطع LARGE BOX CHAMBRAY BLUE | D25389: 299
A25390: 200104 | B25390: 100030004 | C25390: طقم لحاف فل | 8 قطع LARGE BOX CHAMBRAY BLUE | D25390: 299
... A26337: 16032 | B26337: 100030302 | C26337: طقم لحاف فل | 4 قطع COPACABANA | D26337: 99
A26338: B3668 | B26338: 100030302 | C26338: طقم لحاف فل | 4 قطع COPACABANA | D26338: 99
...

Sheet محضر جرد معرض البساتين مول
A1: SCAN | B1: Item Number | C1: Item Name | D1: Qty | E1: Selling | F1: ملاحظات
B2: =IFERROR(VLOOKUP(A2,AxTable1[[Item number]:[Bar code]],2,0),"") | C2: =IFERROR(VLOOKUP(A2,AxTable1[],3,0),"") | E2: =IFERROR(VLOOKUP(A2,Data!A2:D45517,4,0),"")
B3: =IFERROR(VLOOKUP(A3,AxTable1[[Item number]:[Bar code]],2,0),"") | C3: =IFERROR(VLOOKUP(A3,AxTable1[],3,0),"") | E3: =IFERROR(VLOOKUP(A3,Data!A3:D45518,4,0),"")
B4: =IFERROR(VLOOKUP(A4,AxTable1[[Item number]:[Bar code]],2,0),"") | C4: =IFERROR(VLOOKUP(A4,AxTable1[],3,0),"") | E4: =IFERROR(VLOOKUP(A4,Data!A4:D45519,4,0),"")
B5: =IFERROR(VLOOKUP(A5,AxTable1[[Item number]:[Bar code]],2,0),"") | C5: =IFERROR(VLOOKUP(A5,AxTable1[],3,0),"") | E5: =IFERROR(VLOOKUP(A5,Data!A5:D45520,4,0),"")
B6: =IFERROR(VLOOKUP(A6,AxTable1[[Item number]:[Bar code]],2,0),"") | C6: =IFERROR(VLOOKUP(A6,AxTable1[],3,0),"") | E6: =IFERROR(VLOOKUP(A6,Data!A6:D45521,4,0),"")
B7: =IFERROR(VLOOKUP(A7,AxTable1[[Item number]:[Bar code]],2,0),"") | C7: =IFERROR(VLOOKUP(A7,AxTable1[],3,0),"") | E7: =IFERROR(VLOOKUP(A7,Data!A7:D45522,4,0),"")
B8: =IFERROR(VLOOKUP(A8,AxTable1[[Item number]:[Bar code]],2,0),"") | C8: =IFERROR(VLOOKUP(A8,AxTable1[],3,0),"") | E8: =IFERROR(VLOOKUP(A8,Data!A8:D45523,4,0),"")
B9: =IFERROR(VLOOKUP(A9,AxTable1[[Item number]:[Bar code]],2,0),"") | C9: =IFERROR(VLOOKUP(A9,AxTable1[],3,0),"") | E9: =IFERROR(VLOOKUP(A9,Data!A9:D45524,4,0),"")
B10: =IFERROR(VLOOKUP(A10,AxTable1[[Item number]:[Bar code]],2,0),"") | C10: =IFERROR(VLOOKUP(A10,AxTable1[],3,0),"") | E10: =IFERROR(VLOOKUP(A10,Data!A10:D45525,4,0),"")
B11: =IFERROR(VLOOKUP(A11,AxTable1[[Item number]:[Bar code]],2,0),"") | C11: =IFERROR(VLOOKUP(A11,AxTable1[],3,0),"") | E11: =IFERROR(VLOOKUP(A11,Data!A11:D45526,4,0),"")
B12: =IFERROR(VLOOKUP(A12,AxTable1[[Item number]:[Bar code]],2,0),"") | C12: =IFERROR(VLOOKUP(A12,AxTable1[],3,0),"") | E12: =IFERROR(VLOOKUP(A12,Data!A12:D45527,4,0),"")
B13: =IFERROR(VLOOKUP(A13,AxTable1[[Item number]:[Bar code]],2,0),"") | C13: =IFERROR(VLOOKUP(A13,AxTable1[],3,0),"") | E13: =IFERROR(VLOOKUP(A13,Data!A13:D45528,4,0),"")
... B201: =IFERROR(VLOOKUP(A201,AxTable1[[Item number]:[Bar code]],2,0),"") | C201: =IFERROR(VLOOKUP(A201,AxTable1[],3,0),"") | E201: =IFERROR(VLOOKUP(A201,Data!A201:D45716,4,0),"")
B202: =IFERROR(VLOOKUP(A202,AxTable1[[Item number]:[Bar code]],2,0),"") | C202: =IFERROR(VLOOKUP(A202,AxTable1[],3,0),"") | E202: =IFERROR(VLOOKUP(A202,Data!A202:D45717,4,0),"") | F202: حذف
B203: =IFERROR(VLOOKUP(A203,AxTable1[[Item number]:[Bar code]],2,0),"") | C203: =IFERROR(VLOOKUP(A203,AxTable1[],3,0),"") | E203: =IFERROR(VLOOKUP(A203,Data!A203:D45718,4,0),"")
B204: =IFERROR(VLOOKUP(A204,AxTable1[[Item number]:[Bar code]],2,0),"") | C204: =IFERROR(VLOOKUP(A204,AxTable1[],3,0),"") | E204: =IFERROR(VLOOKUP(A204,Data!A204:D45719,4,0),"")
B205: =IFERROR(VLOOKUP(A205,AxTable1[[Item number]:[Bar code]],2,0),"") | C205: =IFERROR(VLOOKUP(A205,AxTable1[],3,0),"") | E205: =IFERROR(VLOOKUP(A205,Data!A205:D45720,4,0),"") | F205: حذف
B206: =IFERROR(VLOOKUP(A206,AxTable1[[Item number]:[Bar code]],2,0),"") | C206: =IFERROR(VLOOKUP(A206,AxTable1[],3,0),"") | E206: =IFERROR(VLOOKUP(A206,Data!A206:D45721,4,0),"")
B207: =IFERROR(VLOOKUP(A207,AxTable1[[Item number]:[Bar code]],2,0),"") | C207: =IFERROR(VLOOKUP(A207,AxTable1[],3,0),"") | E207: =IFERROR(VLOOKUP(A207,Data!A207:D45722,4,0),"")
B208: =IFERROR(VLOOKUP(A208,AxTable1[[Item number]:[Bar code]],2,0),"") | C208: =IFERROR(VLOOKUP(A208,AxTable1[],3,0),"") | E208: =IFERROR(VLOOKUP(A208,Data!A208:D45723,4,0),"")
B209: =IFERROR(VLOOKUP(A209,AxTable1[[Item number]:[Bar code]],2,0),"") | C209: =IFERROR(VLOOKUP(A209,AxTable1[],3,0),"") | E209: =IFERROR(VLOOKUP(A209,Data!A209:D45724,4,0),"")
B210: =IFERROR(VLOOKUP(A210,AxTable1[[Item number]:[Bar code]],2,0),"") | C210: =IFERROR(VLOOKUP(A210,AxTable1[],3,0),"") | E210: =IFERROR(VLOOKUP(A210,Data!A210:D45725,4,0),"")
B211: =IFERROR(VLOOKUP(A211,AxTable1[[Item number]:[Bar code]],2,0),"") | C211: =IFERROR(VLOOKUP(A211,AxTable1[],3,0),"") | E211: =IFERROR(VLOOKUP(A211,Data!A211:D45726,4,0),"")
B212: =IFERROR(VLOOKUP(A212,AxTable1[[Item number]:[Bar code]],2,0),"") | C212: =IFERROR(VLOOKUP(A212,AxTable1[],3,0),"") | E212: =IFERROR(VLOOKUP(A212,Data!A212:D45727,4,0),"")
B213: =IFERROR(VLOOKUP(A213,AxTable1[[Item number]:[Bar code]],2,0),"") | C213: =IFERROR(VLOOKUP(A213,AxTable1[],3,0),"") | E213: =IFERROR(VLOOKUP(A213,Data!A213:D45728,4,0),"") | F213: حذف
B214: =IFERROR(VLOOKUP(A214,AxTable1[[Item number]:[Bar code]],2,0),"") | C214: =IFERROR(VLOOKUP(A214,AxTable1[],3,0),"") | E214: =IFERROR(VLOOKUP(A214,Data!A214:D45729,4,0),"")
B215: =IFERROR(VLOOKUP(A215,AxTable1[[Item number]:[Bar code]],2,0),"") | C215: =IFERROR(VLOOKUP(A215,AxTable1[],3,0),"") | E215: =IFERROR(VLOOKUP(A215,Data!A215:D45730,4,0),"")
B216: =IFERROR(VLOOKUP(A216,AxTable1[[Item number]:[Bar code]],2,0),"") | C216: =IFERROR(VLOOKUP(A216,AxTable1[],3,0),"") | E216: =IFERROR(VLOOKUP(A216,Data!A216:D45731,4,0),"")
B217: =IFERROR(VLOOKUP(A217,AxTable1[[Item number]:[Bar code]],2,0),"") | C217: =IFERROR(VLOOKUP(A217,AxTable1[],3,0),"") | E217: =IFERROR(VLOOKUP(A217,Data!A217:D45732,4,0),"")
B218: =IFERROR(VLOOKUP(A218,AxTable1[[Item number]:[Bar code]],2,0),"") | C218: =IFERROR(VLOOKUP(A218,AxTable1[],3,0),"") | E218: =IFERROR(VLOOKUP(A218,Data!A218:D45733,4,0),"")
B219: =IFERROR(VLOOKUP(A219,AxTable1[[Item number]:[Bar code]],2,0),"") | C219: =IFERROR(VLOOKUP(A219,AxTable1[],3,0),"") | E219: =IFERROR(VLOOKUP(A219,Data!A219:D45734,4,0),"")
B220: =IFERROR(VLOOKUP(A220,AxTable1[[Item number]:[Bar code]],2,0),"") | C220: =IFERROR(VLOOKUP(A220,AxTable1[],3,0),"") | E220: =IFERROR(VLOOKUP(A220,Data!A220:D45735,4,0),"")
B221: =IFERROR(VLOOKUP(A221,AxTable1[[Item number]:[Bar code]],2,0),"") | C221: =IFERROR(VLOOKUP(A221,AxTable1[],3,0),"") | E221: =IFERROR(VLOOKUP(A221,Data!A221:D45736,4,0),"")
B222: =IFERROR(VLOOKUP(A222,AxTable1[[Item number]:[Bar code]],2,0),"") | C222: =IFERROR(VLOOKUP(A222,AxTable1[],3,0),"") | E222: =IFERROR(VLOOKUP(A222,Data!A222:D45737,4,0),"")
B223: =IFERROR(VLOOKUP(A223,AxTable1[[Item number]:[Bar code]],2,0),"") | C223: =IFERROR(VLOOKUP(A223,AxTable1[],3,0),"") | E223: =IFERROR(VLOOKUP(A223,Data!A223:D45738,4,0),"")
B224: =IFERROR(VLOOKUP(A224,AxTable1[[Item number]:[Bar code]],2,0),"") | C224: =IFERROR(VLOOKUP(A224,AxTable1[],3,0),"") | E224: =IFERROR(VLOOKUP(A224,Data!A224:D45739,4,0),"")
B225: =IFERROR(VLOOKUP(A225,AxTable1[[Item number]:[Bar code]],2,0),"") | C225: =IFERROR(VLOOKUP(A225,AxTable1[],3,0),"") | E225: =IFERROR(VLOOKUP(A225,Data!A225:D45740,4,0),"")
... B268: =IFERROR(VLOOKUP(A268,AxTable1[[Item number]:[Bar code]],2,0),"") | C268: =IFERROR(VLOOKUP(A268,AxTable1[],3,0),"") | E268: =IFERROR(VLOOKUP(A268,Data!A268:D45783,4,0),"")
B269: =IFERROR(VLOOKUP(A269,AxTable1[[Item number]:[Bar code]],2,0),"") | C269: =IFERROR(VLOOKUP(A269,AxTable1[],3,0),"") | E269: =IFERROR(VLOOKUP(A269,Data!A269:D45784,4,0),"") | F269: حذف
B270: =IFERROR(VLOOKUP(A270,AxTable1[[Item number]:[Bar code]],2,0),"") | C270: =IFERROR(VLOOKUP(A270,AxTable1[],3,0),"") | E270: =IFERROR(VLOOKUP(A270,Data!A270:D45785,4,0),"")
B271: =IFERROR(VLOOKUP(A271,AxTable1[[Item number]:[Bar code]],2,0),"") | C271: =IFERROR(VLOOKUP(A271,AxTable1[],3,0),"") | E271: =IFERROR(VLOOKUP(A271,Data!A271:D45786,4,0),"")
B272: =IFERROR(VLOOKUP(A272,AxTable1[[Item number]:[Bar code]],2,0),"") | C272: =IFERROR(VLOOKUP(A272,AxTable1[],3,0),"") | E272: =IFERROR(VLOOKUP(A272,Data!A272:D45787,4,0),"")
B273: =IFERROR(VLOOKUP(A273,AxTable1[[Item number]:[Bar code]],2,0),"") | C273: =IFERROR(VLOOKUP(A273,AxTable1[],3,0),"") | E273: =IFERROR(VLOOKUP(A273,Data!A273:D45788,4,0),"")
B274: =IFERROR(VLOOKUP(A274,AxTable1[[Item number]:[Bar code]],2,0),"") | C274: =IFERROR(VLOOKUP(A274,AxTable1[],3,0),"") | E274: =IFERROR(VLOOKUP(A274,Data!A274:D45789,4,0),"")
B275: =IFERROR(VLOOKUP(A275,AxTable1[[Item number]:[Bar code]],2,0),"") | C275: =IFERROR(VLOOKUP(A275,AxTable1[],3,0),"") | E275: =IFERROR(VLOOKUP(A275,Data!A275:D45790,4,0),"")
B276: =IFERROR(VLOOKUP(A276,AxTable1[[Item number]:[Bar code]],2,0),"") | C276: =IFERROR(VLOOKUP(A276,AxTable1[],3,0),"") | E276: =IFERROR(VLOOKUP(A276,Data!A276:D45791,4,0),"")
B277: =IFERROR(VLOOKUP(A277,AxTable1[[Item number]:[Bar code]],2,0),"") | C277: =IFERROR(VLOOKUP(A277,AxTable1[],3,0),"") | E277: =IFERROR(VLOOKUP(A277,Data!A277:D45792,4,0),"")
B278: =IFERROR(VLOOKUP(A278,AxTable1[[Item number]:[Bar code]],2,0),"") | C278: =IFERROR(VLOOKUP(A278,AxTable1[],3,0),"") | E278: =IFERROR(VLOOKUP(A278,Data!A278:D45793,4,0),"")
B279: =IFERROR(VLOOKUP(A279,AxTable1[[Item number]:[Bar code]],2,0),"") | C279: =IFERROR(VLOOKUP(A279,AxTable1[],3,0),"") | E279: =IFERROR(VLOOKUP(A279,Data!A279:D45794,4,0),"")
B280: =IFERROR(VLOOKUP(A280,AxTable1[[Item number]:[Bar code]],2,0),"") | C280: =IFERROR(VLOOKUP(A280,AxTable1[],3,0),"") | E280: =IFERROR(VLOOKUP(A280,Data!A280:D45795,4,0),"")
B281: =IFERROR(VLOOKUP(A281,AxTable1[[Item number]:[Bar code]],2,0),"") | C281: =IFERROR(VLOOKUP(A281,AxTable1[],3,0),"") | E281: =IFERROR(VLOOKUP(A281,Data!A281:D45796,4,0),"")
... B1683: =IFERROR(VLOOKUP(A1683,AxTable1[[Item number]:[Bar code]],2,0),"") | C1683: =IFERROR(VLOOKUP(A1683,AxTable1[],3,0),"") | E1683: =IFERROR(VLOOKUP(A1683,Data!A1683:D47198,4,0),"")
B1684: =IFERROR(VLOOKUP(A1684,AxTable1[[Item number]:[Bar code]],2,0),"") | C1684: =IFERROR(VLOOKUP(A1684,AxTable1[],3,0),"") | D1684: 3 | E1684: =IFERROR(VLOOKUP(A1684,Data!A1684:D47199,4,0),"")
B1685: =IFERROR(VLOOKUP(A1685,AxTable1[[Item number]:[Bar code]],2,0),"") | C1685: =IFERROR(VLOOKUP(A1685,AxTable1[],3,0),"") | E1685: =IFERROR(VLOOKUP(A1685,Data!A1685:D47200,4,0),"")
B1686: =IFERROR(VLOOKUP(A1686,AxTable1[[Item number]:[Bar code]],2,0),"") | C1686: =IFERROR(VLOOKUP(A1686,AxTable1[],3,0),"") | E1686: =IFERROR(VLOOKUP(A1686,Data!A1686:D47201,4,0),"")
B1687: =IFERROR(VLOOKUP(A1687,AxTable1[[Item number]:[Bar code]],2,0),"") | C1687: =IFERROR(VLOOKUP(A1687,AxTable1[],3,0),"") | E1687: =IFERROR(VLOOKUP(A1687,Data!A1687:D47202,4,0),"")
B1688: =IFERROR(VLOOKUP(A1688,AxTable1[[Item number]:[Bar code]],2,0),"") | C1688: =IFERROR(VLOOKUP(A1688,AxTable1[],3,0),"") | E1688: =IFERROR(VLOOKUP(A1688,Data!A1688:D47203,4,0),"")
B1689: =IFERROR(VLOOKUP(A1689,AxTable1[[Item number]:[Bar code]],2,0),"") | C1689: =IFERROR(VLOOKUP(A1689,AxTable1[],3,0),"") | E1689: =IFERROR(VLOOKUP(A1689,Data!A1689:D47204,4,0),"")
B1690: =IFERROR(VLOOKUP(A1690,AxTable1[[Item number]:[Bar code]],2,0),"") | C1690: =IFERROR(VLOOKUP(A1690,AxTable1[],3,0),"") | E1690: =IFERROR(VLOOKUP(A1690,Data!A1690:D47205,4,0),"")
B1691: =IFERROR(VLOOKUP(A1691,AxTable1[[Item number]:[Bar code]],2,0),"") | C1691: =IFERROR(VLOOKUP(A1691,AxTable1[],3,0),"") | E1691: =IFERROR(VLOOKUP(A1691,Data!A1691:D47206,4,0),"")
B1692: =IFERROR(VLOOKUP(A1692,AxTable1[[Item number]:[Bar code]],2,0),"") | C1692: =IFERROR(VLOOKUP(A1692,AxTable1[],3,0),"") | E1692: =IFERROR(VLOOKUP(A1692,Data!A1692:D47207,4,0),"")
B1693: =IFERROR(VLOOKUP(A1693,AxTable1[[Item number]:[Bar code]],2,0),"") | C1693: =IFERROR(VLOOKUP(A1693,AxTable1[],3,0),"") | E1693: =IFERROR(VLOOKUP(A1693,Data!A1693:D47208,4,0),"")
B1694: =IFERROR(VLOOKUP(A1694,AxTable1[[Item number]:[Bar code]],2,0),"") | C1694: =IFERROR(VLOOKUP(A1694,AxTable1[],3,0),"") | E1694: =IFERROR(VLOOKUP(A1694,Data!A1694:D47209,4,0),"")
B1695: =IFERROR(VLOOKUP(A1695,AxTable1[[Item number]:[Bar code]],2,0),"") | C1695: =IFERROR(VLOOKUP(A1695,AxTable1[],3,0),"") | E1695: =IFERROR(VLOOKUP(A1695,Data!A1695:D47210,4,0),"")
B1696: =IFERROR(VLOOKUP(A1696,AxTable1[[Item number]:[Bar code]],2,0),"") | C1696: =IFERROR(VLOOKUP(A1696,AxTable1[],3,0),"") | E1696: =IFERROR(VLOOKUP(A1696,Data!A1696:D47211,4,0),"")
... B1932: =IFERROR(VLOOKUP(A1932,AxTable1[[Item number]:[Bar code]],2,0),"") | C1932: =IFERROR(VLOOKUP(A1932,AxTable1[],3,0),"") | E1932: =IFERROR(VLOOKUP(A1932,Data!A1932:D47447,4,0),"")
B1933: =IFERROR(VLOOKUP(A1933,AxTable1[[Item number]:[Bar code]],2,0),"") | C1933: =IFERROR(VLOOKUP(A1933,AxTable1[],3,0),"") | E1933: =IFERROR(VLOOKUP(A1933,Data!A1933:D47448,4,0),"") | F1933: حذف
B1934: =IFERROR(VLOOKUP(A1934,AxTable1[[Item number]:[Bar code]],2,0),"") | C1934: =IFERROR(VLOOKUP(A1934,AxTable1[],3,0),"") | E1934: =IFERROR(VLOOKUP(A1934,Data!A1934:D47449,4,0),"") | F1934: حذف
B1935: =IFERROR(VLOOKUP(A1935,AxTable1[[Item number]:[Bar code]],2,0),"") | C1935: =IFERROR(VLOOKUP(A1935,AxTable1[],3,0),"") | E1935: =IFERROR(VLOOKUP(A1935,Data!A1935:D47450,4,0),"") | F1935: حذف
B1936: =IFERROR(VLOOKUP(A1936,AxTable1[[Item number]:[Bar code]],2,0),"") | C1936: =IFERROR(VLOOKUP(A1936,AxTable1[],3,0),"") | E1936: =IFERROR(VLOOKUP(A1936,Data!A1936:D47451,4,0),"")
B1937: =IFERROR(VLOOKUP(A1937,AxTable1[[Item number]:[Bar code]],2,0),"") | C1937: =IFERROR(VLOOKUP(A1937,AxTable1[],3,0),"") | E1937: =IFERROR(VLOOKUP(A1937,Data!A1937:D47452,4,0),"")
B1938: =IFERROR(VLOOKUP(A1938,AxTable1[[Item number]:[Bar code]],2,0),"") | C1938: =IFERROR(VLOOKUP(A1938,AxTable1[],3,0),"") | E1938: =IFERROR(VLOOKUP(A1938,Data!A1938:D47453,4,0),"")
B1939: =IFERROR(VLOOKUP(A1939,AxTable1[[Item number]:[Bar code]],2,0),"") | C1939: =IFERROR(VLOOKUP(A1939,AxTable1[],3,0),"") | E1939: =IFERROR(VLOOKUP(A1939,Data!A1939:D47454,4,0),"")
B1940: =IFERROR(VLOOKUP(A1940,AxTable1[[Item number]:[Bar code]],2,0),"") | C1940: =IFERROR(VLOOKUP(A1940,AxTable1[],3,0),"") | E1940: =IFERROR(VLOOKUP(A1940,Data!A1940:D47455,4,0),"")
B1941: =IFERROR(VLOOKUP(A1941,AxTable1[[Item number]:[Bar code]],2,0),"") | C1941: =IFERROR(VLOOKUP(A1941,AxTable1[],3,0),"") | E1941: =IFERROR(VLOOKUP(A1941,Data!A1941:D47456,4,0),"")
B1942: =IFERROR(VLOOKUP(A1942,AxTable1[[Item number]:[Bar code]],2,0),"") | C1942: =IFERROR(VLOOKUP(A1942,AxTable1[],3,0),"") | E1942: =IFERROR(VLOOKUP(A1942,Data!A1942:D47457,4,0),"")
B1943: =IFERROR(VLOOKUP(A1943,AxTable1[[Item number]:[Bar code]],2,0),"") | C1943: =IFERROR(VLOOKUP(A1943,AxTable1[],3,0),"") | E1943: =IFERROR(VLOOKUP(A1943,Data!A1943:D47458,4,0),"")
B1944: =IFERROR(VLOOKUP(A1944,AxTable1[[Item number]:[Bar code]],2,0),"") | C1944: =IFERROR(VLOOKUP(A1944,AxTable1[],3,0),"") | E1944: =IFERROR(VLOOKUP(A1944,Data!A1944:D47459,4,0),"")
B1945: =IFERROR(VLOOKUP(A1945,AxTable1[[Item number]:[Bar code]],2,0),"") | C1945: =IFERROR(VLOOKUP(A1945,AxTable1[],3,0),"") | E1945: =IFERROR(VLOOKUP(A1945,Data!A1945:D47460,4,0),"")
B1946: =IFERROR(VLOOKUP(A1946,AxTable1[[Item number]:[Bar code]],2,0),"") | C1946: =IFERROR(VLOOKUP(A1946,AxTable1[],3,0),"") | E1946: =IFERROR(VLOOKUP(A1946,Data!A1946:D47461,4,0),"")
B1947: =IFERROR(VLOOKUP(A1947,AxTable1[[Item number]:[Bar code]],2,0),"") | C1947: =IFERROR(VLOOKUP(A1947,AxTable1[],3,0),"") | E1947: =IFERROR(VLOOKUP(A1947,Data!A1947:D47462,4,0),"")
... B20000: =IFERROR(VLOOKUP(A20000,AxTable1[[Item number]:[Bar code]],2,0),"") | C20000: =IFERROR(VLOOKUP(A20000,AxTable1[],3,0),"") | E20000: =IFERROR(VLOOKUP(A20000,Data!A20000:D65515,4,0),"")
